779107.62;205887.28;10.3;20.5;1
779119.62;205887.28;10.5;19.6;1
779113.62;205885.28;10.9;22.8;1
779077.62;205883.28;15;31.6;2
779187.62;205883.28;6.7;9;1
779091.62;205881.28;14.8;24.8;2
779057.62;205879.28;10.6;18.7;2
779111.62;205879.28;6;10.9;1
779205.62;205879.28;6.4;8.6;1
779099.62;205877.28;7.1;10.1;1
779087.62;205875.28;17.4;29.8;7
779065.62;205873.28;8.9;12.6;2
779115.62;205873.28;9.3;18.9;3
779001.62;205871.28;3.3;5.3;2
779219.62;205869.28;8.9;17.2;2
779059.62;205867.28;10.4;15.7;2
779067.62;205867.28;10.7;21.2;3
779087.62;205863.28;12.9;20.9;4
779123.62;205859.28;18.3;40.2;5
779227.62;205859.28;15.3;24.5;1
778923.62;205857.28;12.7;23.1;3
779095.62;205857.28;14.8;28.2;4
779213.62;205857.28;4.9;6.8;1
778913.62;205855.28;18.6;31.4;4
779059.62;205855.28;5.8;9.7;1
779083.62;205855.28;10.9;22.9;3
779111.62;205855.28;10.4;17.6;1
779219.62;205855.28;8.7;15.4;2
779233.62;205855.28;18.8;39.2;7
778935.62;205853.28;19.3;36.4;4
779055.62;205853.28;6.2;11.5;2
779133.62;205853.28;14.5;27.6;1
778943.62;205851.28;16.1;37.4;1
779105.62;205851.28;12.1;23.4;1
779253.62;205851.28;4.7;8.1;1
779073.62;205849.28;8.1;14.8;1
779115.62;205847.28;19.6;44.4;3
778923.62;205845.28;24.8;51.7;8
778941.62;205845.28;20.2;39.6;6
779099.62;205845.28;13.5;25.1;1
779135.62;205845.28;21.1;44.8;1
779245.62;205845.28;13.2;26.3;5
778931.62;205843.28;14.7;31.6;1
779085.62;205843.28;17;34.6;1
779125.62;205843.28;22.7;40.7;4
779155.62;205843.28;19.4;41.9;3
778949.62;205841.28;10.9;18.9;1
778957.62;205841.28;17.6;35.4;2
779091.62;205841.28;20.1;49.2;7
779141.62;205841.28;21.9;42.1;1
779167.62;205841.28;18.3;44.4;3
779239.62;205841.28;12.8;25.7;3
779133.62;205839.28;23.7;52.2;5
778969.62;205837.28;22.3;50.6;1
778983.62;205837.28;21.7;47;6
778973.62;205835.28;21.5;39.2;1
779133.62;205835.28;22.8;57.2;1
779209.62;205835.28;12.5;22;2
779247.62;205835.28;10.7;22.3;4
779271.62;205835.28;20;36.5;3
778925.62;205833.28;19.1;37.4;2
778943.62;205833.28;14.3;27.6;2
778959.62;205833.28;22;40;1
778985.62;205833.28;18.1;35.7;1
778991.62;205833.28;16.3;38.6;2
779001.62;205833.28;17.5;33.1;5
779143.62;205833.28;25.3;51.8;8
779169.62;205833.28;20.5;51.6;5
779201.62;205833.28;10.4;21.2;2
778913.62;205831.28;19.1;32.3;5
779101.62;205831.28;20.9;39;4
779137.62;205831.28;22.9;53.7;2
779155.62;205831.28;19.8;41.7;2
779215.62;205831.28;13.1;20.2;2
779235.62;205831.28;5.1;8.4;1
778933.62;205829.28;18.6;38.4;4
778953.62;205829.28;19.5;43;1
778969.62;205829.28;29;63.6;8
778995.62;205829.28;16.7;31.8;3
779041.62;205829.28;3.4;3.9;1
779119.62;205829.28;22.6;56.1;2
779257.62;205829.28;19.9;44.6;7
778965.62;205827.28;27.5;57.7;1
779013.62;205827.28;22;52.8;5
779247.62;205827.28;9.4;15;1
779271.62;205827.28;19.3;45.4;3
779057.62;205825.28;19.5;48.8;4
779081.62;205825.28;18.3;43.8;1
779159.62;205825.28;22.1;40.2;3
778913.62;205823.28;16.2;30.4;3
778927.62;205823.28;13.4;27.1;2
778939.62;205823.28;14.3;27.1;1
778945.62;205823.28;20.3;40.3;3
779041.62;205823.28;4.1;5.2;1
779093.62;205823.28;14.4;28.8;3
779109.62;205823.28;23.3;46.7;8
779251.62;205823.28;15.3;26.9;1
779305.62;205823.28;13.2;23.2;2
779023.62;205821.28;21.2;39.2;3
779033.62;205821.28;13.8;23.7;2
779129.62;205821.28;16.3;35.4;2
779151.62;205821.28;23.6;60.1;6
779285.62;205821.28;23.2;55.1;8
779143.62;205819.28;22.6;53.9;2
779185.62;205819.28;24.9;63.8;7
779217.62;205819.28;14.2;26.4;3
779243.62;205819.28;13;23.1;1
779349.62;205819.28;7.4;13.7;1
778981.62;205817.28;21.7;54;2
779009.62;205817.28;23.5;47.2;6
779073.62;205817.28;30;58.3;8
779119.62;205817.28;18.4;30.7;1
779295.62;205817.28;22.7;58;4
779333.62;205817.28;15.6;30.6;3
778923.62;205815.28;21.8;53.5;8
778943.62;205815.28;20.4;37.7;8
778953.62;205815.28;11;19.9;1
779191.62;205815.28;24.4;52.5;2
779249.62;205815.28;19.6;36.2;2
779273.62;205815.28;20.5;46.3;1
778991.62;205813.28;24.9;61;8
779059.62;205813.28;23.6;42.1;5
779085.62;205813.28;24;46.3;3
779105.62;205813.28;22.1;43.6;1
779169.62;205813.28;26.1;64;1
779205.62;205813.28;20.4;45.7;1
779231.62;205813.28;14.6;28.7;2
779245.62;205813.28;18.1;41.9;1
779267.62;205813.28;26.5;62.1;8
779319.62;205813.28;18.8;46.3;3
778933.62;205811.28;19;35;5
778963.62;205811.28;19.6;38;2
778969.62;205811.28;20.6;39.5;5
778981.62;205811.28;22.8;52.3;4
779023.62;205811.28;26.2;60.5;1
779123.62;205811.28;26.3;68.5;7
779139.62;205811.28;4.7;8.2;1
779159.62;205811.28;21;44.8;1
779199.62;205811.28;23.1;48.6;3
779213.62;205811.28;21.8;41.6;3
779237.62;205811.28;14.3;33.4;2
778997.62;205809.28;20.1;47.8;1
779061.62;205809.28;20.1;36.6;1
779169.62;205809.28;27.6;61.4;8
779175.62;205809.28;20;38.5;1
779179.62;205809.28;20.5;39.5;2
779255.62;205809.28;22.8;40.1;2
779299.62;205809.28;17.1;38.2;1
779309.62;205809.28;22.4;50.4;2
779345.62;205809.28;12.4;27.3;2
779009.62;205807.28;17.2;34.7;2
779025.62;205807.28;27.6;65;8
779073.62;205807.28;24;51.6;2
779039.62;205805.28;14.1;25.7;1
779061.62;205805.28;21.6;46.4;3
779143.62;205805.28;14.8;31.5;2
779155.62;205805.28;22.8;53.8;4
779229.62;205805.28;15.7;33.3;1
779301.62;205805.28;19.1;34.9;2
779357.62;205805.28;9.5;17.1;1
779363.62;205805.28;14.9;29.2;3
778925.62;205803.28;4.7;7.7;1
778931.62;205803.28;10.1;20.8;1
778985.62;205803.28;20.7;43.2;3
779103.62;205803.28;26.6;63.9;8
779175.62;205803.28;15.1;24.2;1
779207.62;205803.28;23.4;43.8;8
779215.62;205803.28;22.7;47.7;2
779255.62;205803.28;21.8;42.2;2
779269.62;205803.28;20.8;40;1
779307.62;205803.28;24.1;56.3;7
778911.62;205801.28;15.1;24.7;2
779083.62;205801.28;24.8;47.9;6
779111.62;205801.28;20.6;40.2;2
779147.62;205801.28;18.2;42.7;2
779201.62;205801.28;20;48;1
779277.62;205801.28;18.7;45.2;1
778939.62;205799.28;9.4;14.5;2
778975.62;205799.28;22.2;43.1;5
778983.62;205799.28;19;41.6;1
779035.62;205799.28;21.7;49.3;3
779055.62;205799.28;25.3;49.2;8
779121.62;205799.28;25.2;59.9;1
779129.62;205799.28;19.8;49.2;1
779195.62;205799.28;23.2;59.7;4
779229.62;205799.28;20.2;48.6;1
779271.62;205799.28;21.5;49.6;3
779307.62;205799.28;23.2;50.8;1
779325.62;205799.28;20;49.5;3
779341.62;205799.28;21.9;38.1;4
778961.62;205797.28;12.3;26.7;2
779019.62;205797.28;22.5;49.3;3
779163.62;205797.28;18.4;32.9;2
779233.62;205797.28;22.1;51.8;8
779365.62;205797.28;15.2;30.2;3
778987.62;205795.28;21.1;48.9;5
779003.62;205795.28;20.8;50.9;1
779027.62;205795.28;24;50.8;3
779123.62;205795.28;27.9;73.5;5
779265.62;205795.28;12.8;22;2
779285.62;205795.28;17.5;42;2
779385.62;205795.28;14.7;29.9;2
779401.62;205795.28;13.2;26.4;2
778923.62;205793.28;16.9;30.6;6
779039.62;205793.28;22.4;39.4;5
779079.62;205793.28;19.5;41.3;2
779093.62;205793.28;26.4;56.7;7
779135.62;205793.28;26.2;61;4
779185.62;205793.28;25.5;56.4;8
779291.62;205793.28;4.5;6.7;1
778935.62;205791.28;7;13.5;1
779139.62;205791.28;24.4;48.8;1
779145.62;205791.28;25.7;58.3;3
779249.62;205791.28;18.2;45;4
779257.62;205791.28;17.9;35.8;2
779277.62;205791.28;24.2;46.7;8
779345.62;205791.28;22.2;41.9;1
779349.62;205791.28;22.5;54.4;8
779361.62;205791.28;16.8;40.4;4
778945.62;205789.28;20.6;47.1;2
778951.62;205789.28;21.7;53.7;4
779015.62;205789.28;22.6;58.9;3
779023.62;205789.28;20.5;46.5;1
779231.62;205789.28;21.3;48.7;1
779235.62;205789.28;21.8;41.4;3
779331.62;205789.28;15.9;37.7;1
779373.62;205789.28;18.7;37.6;3
779453.62;205789.28;15.2;29.6;3
778933.62;205787.28;6;7.8;1
778979.62;205787.28;19.8;34;4
779007.62;205787.28;22.7;54.7;8
779105.62;205787.28;22.8;48.9;5
779167.62;205787.28;26.5;64.1;6
779303.62;205787.28;25.4;63.5;5
779319.62;205787.28;15.6;34.6;2
779359.62;205787.28;15;26.2;1
779411.62;205787.28;14.5;23.2;3
778919.62;205785.28;15.2;28;1
778971.62;205785.28;16;36.1;1
779141.62;205785.28;26.3;59.7;5
779207.62;205785.28;25.5;64.6;8
779259.62;205785.28;21.8;49.2;7
779281.62;205785.28;23;53;3
779325.62;205785.28;21.4;52.4;1
779347.62;205785.28;22;51;2
779463.62;205785.28;5.2;9.5;2
778915.62;205783.28;17.6;34.6;4
778991.62;205783.28;12.8;21.4;2
779027.62;205783.28;24.2;44.6;6
779055.62;205783.28;19.2;45.7;5
779087.62;205783.28;16.6;34.9;3
779107.62;205783.28;21.4;42.5;1
779111.62;205783.28;20.9;49.2;1
779121.62;205783.28;25.4;49;2
779127.62;205783.28;28;56.1;8
779153.62;205783.28;22.6;58.2;4
778945.62;205781.28;23.9;63.2;8
778977.62;205781.28;18.8;36.7;2
779017.62;205781.28;21.9;51.9;3
779059.62;205781.28;19;40;1
779187.62;205781.28;12.5;25.5;2
779215.62;205781.28;13.8;22.2;3
779273.62;205781.28;12.4;19.3;2
779301.62;205781.28;21.2;49.5;1
779351.62;205781.28;10;18.6;1
779365.62;205781.28;17.6;36.4;2
779391.62;205781.28;12.7;21;2
778911.62;205779.28;17.4;33.3;2
778963.62;205779.28;18.4;40.8;3
779003.62;205779.28;21.4;53.2;3
779043.62;205779.28;24.8;58.1;8
779197.62;205779.28;10.8;22;1
779319.62;205779.28;22.3;40.5;2
779359.62;205779.28;18.3;36.5;5
779371.62;205779.28;13.5;26.6;1
779401.62;205779.28;13.8;23.8;5
779453.62;205779.28;18.2;35.9;6
778929.62;205777.28;14.7;27.5;1
779097.62;205777.28;23.3;44.1;7
779131.62;205777.28;26.8;55;1
779137.62;205777.28;25.9;55;2
779269.62;205777.28;3.4;4.2;1
779285.62;205777.28;19.1;37.6;2
779327.62;205777.28;25.6;52.2;8
779339.62;205777.28;20.5;40.7;4
779379.62;205777.28;11.8;26.1;2
779509.62;205777.28;15.4;33.6;4
779671.62;205777.28;3.8;4.4;1
779025.62;205775.28;23;45;2
779031.62;205775.28;21.2;44;2
779053.62;205775.28;19.2;33.1;1
779161.62;205775.28;27.6;64.1;8
779211.62;205775.28;14.3;30.2;3
779233.62;205775.28;19.1;40.7;2
779291.62;205775.28;21.1;46.3;1
779501.62;205775.28;9.4;18.9;1
779049.62;205773.28;20;48;1
779119.62;205773.28;24.4;53.1;4
779387.62;205773.28;21.7;55.8;8
778927.62;205771.28;16.8;37.6;1
778937.62;205771.28;17.9;31.9;5
778955.62;205771.28;7.2;9.9;1
778997.62;205771.28;19.5;47;3
779069.62;205771.28;20;36.9;4
779131.62;205771.28;25.7;54.4;2
779197.62;205771.28;20.8;38.7;2
779225.62;205771.28;25.2;57.1;4
779297.62;205771.28;26.8;68;8
779313.62;205771.28;17.5;30.8;3
779365.62;205771.28;4.3;7.1;1
778915.62;205769.28;18.4;34.2;2
779005.62;205769.28;17.7;37;1
779075.62;205769.28;14.6;24.8;1
779117.62;205769.28;23.8;59.9;1
779183.62;205769.28;23.9;42.3;5
779249.62;205769.28;22.5;54.8;3
779385.62;205769.28;20.2;51;1
779395.62;205769.28;15.8;32.1;3
779401.62;205769.28;12.8;21.6;1
779477.62;205769.28;17.7;42.8;1
778921.62;205767.28;18.8;36;8
779105.62;205767.28;18.6;37.5;1
779231.62;205767.28;18.5;34.4;1
779259.62;205767.28;25.3;54;4
779273.62;205767.28;28.8;62.4;8
779285.62;205767.28;19.9;35;1
779321.62;205767.28;22.3;47;5
779351.62;205767.28;7.4;12;1
779657.62;205767.28;7.3;9.7;2
779015.62;205765.28;21.3;51.8;5
779049.62;205765.28;16.5;36.6;2
779089.62;205765.28;7;13.6;2
779121.62;205765.28;23;40.6;1
779127.62;205765.28;24.8;55;1
779145.62;205765.28;21.7;41.8;5
779159.62;205765.28;26.3;69.1;4
779219.62;205765.28;27.7;75.8;6
779255.62;205765.28;23.7;53.3;1
779279.62;205765.28;26.5;62.2;2
779341.62;205765.28;17.3;41.5;4
779435.62;205765.28;8.7;12.8;2
779483.62;205765.28;20.7;49.8;7
779493.62;205765.28;14.6;26.7;2
778945.62;205763.28;3.9;5.3;1
778965.62;205763.28;3.7;5.5;1
778973.62;205763.28;11.5;24.6;2
778993.62;205763.28;21.8;47.3;3
779033.62;205763.28;17.3;39.9;4
779107.62;205763.28;20.4;40.9;4
779131.62;205763.28;25.6;58.1;3
779195.62;205763.28;26.6;63.3;4
779291.62;205763.28;23.6;45.2;2
779297.62;205763.28;25;60.5;2
779311.62;205763.28;12;26.2;1
779355.62;205763.28;19.1;35.5;8
778959.62;205761.28;10.9;23.8;2
779057.62;205761.28;22.1;44;2
779079.62;205761.28;13.3;25.9;1
779121.62;205761.28;24;53.6;2
779161.62;205761.28;25.3;54.6;1
779205.62;205761.28;29.7;76.1;8
779231.62;205761.28;24.9;66.3;1
779237.62;205761.28;21.6;55;2
779329.62;205761.28;21.7;52.3;4
778937.62;205759.28;13.5;29;3
779069.62;205759.28;22;38.5;2
779181.62;205759.28;22.3;52.5;3
779245.62;205759.28;13.3;29.5;2
779267.62;205759.28;27.2;62.1;4
779415.62;205759.28;25.5;47.9;2
779459.62;205759.28;22;47.6;3
778913.62;205757.28;14.8;26.8;1
778925.62;205757.28;12.2;25.4;3
779095.62;205757.28;4.8;6;2
779147.62;205757.28;21.1;49.3;2
779281.62;205757.28;19.2;45.8;1
779405.62;205757.28;19;37.9;3
779497.62;205757.28;10.8;18.5;2
779599.62;205757.28;15.7;30.5;3
778921.62;205755.28;10.9;20.3;1
778947.62;205755.28;8.5;12.7;2
779047.62;205755.28;15.2;28.1;2
779057.62;205755.28;23.3;59.3;4
779227.62;205755.28;27.2;52.6;1
779343.62;205755.28;15.5;36.2;1
779347.62;205755.28;18.8;46;4
779511.62;205755.28;17.3;38.8;2
779041.62;205753.28;5.8;8.8;1
779077.62;205753.28;22.2;52.1;1
779101.62;205753.28;10.3;17.9;3
779167.62;205753.28;22.6;52.8;3
779187.62;205753.28;18.2;35.9;1
779287.62;205753.28;23.3;54.1;5
779309.62;205753.28;25.6;68.5;8
779321.62;205753.28;17;37.6;3
779385.62;205753.28;16.3;34.8;1
779393.62;205753.28;23.3;45.1;3
779419.62;205753.28;26.2;52.4;8
778913.62;205751.28;16.5;37;1
779071.62;205751.28;23.2;47.2;3
779129.62;205751.28;24;44.8;1
779203.62;205751.28;21.3;38.2;2
779229.62;205751.28;28.3;53;8
779337.62;205751.28;14.5;27.4;2
779441.62;205751.28;12.9;23.9;2
779507.62;205751.28;18.6;33.2;7
779519.62;205751.28;11.9;20.5;3
779565.62;205751.28;14.1;29.4;3
779027.62;205749.28;8;13.8;2
779083.62;205749.28;20.2;50.7;1
779139.62;205749.28;24.5;46.3;5
779183.62;205749.28;20.1;35.8;3
779223.62;205749.28;27.3;59.7;1
779245.62;205749.28;24.9;50.1;1
779371.62;205749.28;23;49.8;6
779407.62;205749.28;18.6;45.5;3
779459.62;205749.28;10.8;19.1;1
779489.62;205749.28;21.3;53.1;3
779511.62;205749.28;17;38.4;1
778931.62;205747.28;5.3;9.5;1
778977.62;205747.28;22.7;56.6;6
779015.62;205747.28;3.5;5.1;1
779089.62;205747.28;21.9;40.5;6
779153.62;205747.28;25;46.9;5
779269.62;205747.28;25.5;57.6;5
779377.62;205747.28;21;42.8;2
779397.62;205747.28;25.6;51.8;8
779417.62;205747.28;24.6;59.2;1
779601.62;205747.28;17.9;34.3;8
778915.62;205745.28;22;52.9;8
778953.62;205745.28;23.5;46;3
779063.62;205745.28;28.7;78.8;8
779073.62;205745.28;16.3;28.1;1
779173.62;205745.28;23.5;49;5
779193.62;205745.28;19.8;39.1;1
779281.62;205745.28;4.7;7;1
779329.62;205745.28;23.1;54.4;2
779365.62;205745.28;19;38.2;2
779523.62;205745.28;10.5;16.6;2
779607.62;205745.28;12.7;27;1
778981.62;205743.28;21.7;43.1;2
779043.62;205743.28;23.2;50.7;3
779199.62;205743.28;24.4;60.3;2
779215.62;205743.28;21.9;49.7;1
779241.62;205743.28;27.9;64.7;7
779253.62;205743.28;20.8;39.8;3
779319.62;205743.28;16.2;28.9;1
779337.62;205743.28;16.6;27.3;1
779343.62;205743.28;25.2;55.1;8
779437.62;205743.28;21.5;40.6;6
779469.62;205743.28;8;14;2
779589.62;205743.28;14.7;30.2;3
778989.62;205741.28;4;4.8;1
779003.62;205741.28;14.1;22.2;4
779069.62;205741.28;18.6;33.8;1
779297.62;205741.28;16.5;29.1;4
779429.62;205741.28;19.5;41.9;1
779455.62;205741.28;25.8;61.7;5
779523.62;205741.28;10.2;14.9;1
779597.62;205741.28;16.1;28.3;2
779609.62;205741.28;11.4;19;1
778939.62;205739.28;5.6;9.3;1
779023.62;205739.28;16.8;30.2;2
779115.62;205739.28;14.9;24;3
779161.62;205739.28;25.4;54.2;2
779189.62;205739.28;20.2;50.3;1
779195.62;205739.28;25.4;65.3;1
779283.62;205739.28;7.7;12;2
779289.62;205739.28;6;9.8;1
779325.62;205739.28;25.2;48.9;5
779417.62;205739.28;21.6;49.9;2
779515.62;205739.28;16.2;34.2;5
779539.62;205739.28;15;26.9;2
778965.62;205737.28;25;52.1;8
778993.62;205737.28;4.7;7.2;2
779203.62;205737.28;24.9;57.9;3
779315.62;205737.28;20.7;46.9;3
779341.62;205737.28;23.5;52.8;1
779389.62;205737.28;20.7;46.2;4
779431.62;205737.28;20.2;45.5;4
779507.62;205737.28;12;19.1;2
778959.62;205735.28;18.7;43.2;1
779065.62;205735.28;12.2;20.6;1
779091.62;205735.28;14.7;26.8;3
779143.62;205735.28;13.1;27;1
779167.62;205735.28;23;55.5;1
779195.62;205735.28;25.5;63;7
779211.62;205735.28;25.6;61.7;2
779219.62;205735.28;28.8;76.2;3
779351.62;205735.28;13.4;23.4;1
779363.62;205735.28;14.4;24.6;1
779371.62;205735.28;21.4;47.4;6
779403.62;205735.28;23.3;56.7;5
779027.62;205733.28;18.3;32.6;7
779073.62;205733.28;15.9;29.7;2
779147.62;205733.28;15.1;26.7;1
779161.62;205733.28;26.1;58.3;1
779171.62;205733.28;23.2;41.2;3
779241.62;205733.28;26;47.8;3
779311.62;205733.28;20;43;2
779395.62;205733.28;19.4;48.6;1
779485.62;205733.28;9.6;16.1;2
779555.62;205733.28;13.4;25.7;2
779575.62;205733.28;16.9;40.4;3
779587.62;205733.28;11.3;20.5;2
779603.62;205733.28;15;34.3;3
778925.62;205731.28;13.9;26.4;2
778935.62;205731.28;23.1;46.8;2
779119.62;205731.28;21.7;55.3;4
779129.62;205731.28;5.1;8.6;1
779157.62;205731.28;26.3;50.2;8
779185.62;205731.28;20.7;51.2;3
779305.62;205731.28;17.6;33.9;2
779325.62;205731.28;22.9;59.2;1
779345.62;205731.28;23.5;45.6;3
779425.62;205731.28;16.5;27.6;1
779439.62;205731.28;20.1;39;1
779445.62;205731.28;24.4;44.1;1
779451.62;205731.28;26.8;49.8;8
779533.62;205731.28;20.9;44.8;3
778915.62;205729.28;21.5;50.4;4
778971.62;205729.28;16.4;32.6;3
779055.62;205729.28;21.9;55.1;3
779097.62;205729.28;15.3;26.7;4
779237.62;205729.28;21.6;55.9;1
779251.62;205729.28;7.2;11;1
779259.62;205729.28;10.8;18.6;1
779271.62;205729.28;20.3;42.4;7
779331.62;205729.28;26.3;55.1;8
779353.62;205729.28;19.1;44;3
779393.62;205729.28;20.1;49.3;2
779463.62;205729.28;24.1;55;5
779479.62;205729.28;18.2;36.6;1
779559.62;205729.28;13.2;28.7;2
779595.62;205729.28;14.2;29.9;2
778943.62;205727.28;21.6;42.9;3
778995.62;205727.28;15.1;33.9;2
779201.62;205727.28;25.3;56.8;4
779217.62;205727.28;29.1;56.2;6
779283.62;205727.28;11.9;21.4;2
779491.62;205727.28;5.2;8.5;2
779569.62;205727.28;6.9;12.8;1
778985.62;205725.28;21.1;45.9;3
779099.62;205725.28;14.7;25.4;1
779111.62;205725.28;22.8;57.1;8
779221.62;205725.28;26.4;58.2;1
779235.62;205725.28;22.6;53.8;1
779271.62;205725.28;19.2;41.6;1
779291.62;205725.28;21.9;42.1;5
779309.62;205725.28;23.6;61.2;8
779343.62;205725.28;18.9;36.8;1
779365.62;205725.28;19.5;47.8;2
779397.62;205725.28;17.7;39.7;1
779419.62;205725.28;26.9;69.2;8
779475.62;205725.28;22.9;56.1;5
779555.62;205725.28;5.9;8.2;1
778921.62;205723.28;23.8;45.2;6
778935.62;205723.28;26.2;68.3;8
779023.62;205723.28;10;20.2;1
779045.62;205723.28;25.4;54.4;5
779159.62;205723.28;23.9;61.3;2
779165.62;205723.28;21.8;50.2;2
779231.62;205723.28;25.6;57.3;4
779379.62;205723.28;20.1;38.5;3
779445.62;205723.28;22.9;56.3;1
779591.62;205723.28;16.8;31.9;2
779601.62;205723.28;19.6;38.9;2
778955.62;205721.28;14.8;31.2;3
778991.62;205721.28;21.3;47.5;8
779007.62;205721.28;12.6;23.7;3
779019.62;205721.28;11.3;24;3
779135.62;205721.28;15.7;28.2;5
779151.62;205721.28;14.4;31.9;1
779269.62;205721.28;18.7;32.8;1
779299.62;205721.28;20.9;53.5;2
779305.62;205721.28;21.9;56.7;2
779313.62;205721.28;22.3;45.5;2
779321.62;205721.28;18.6;38.2;1
779343.62;205721.28;20.7;42.4;3
779351.62;205721.28;22.1;47.3;2
779395.62;205721.28;20.5;51.4;4
779435.62;205721.28;22.5;46.2;4
779483.62;205721.28;12.6;26.7;2
779501.62;205721.28;16;36;2
779523.62;205721.28;23.9;52.5;5
778947.62;205719.28;18;36.2;1
778967.62;205719.28;13.6;28.9;3
779143.62;205719.28;11;23.6;1
779195.62;205719.28;26;65.4;5
779257.62;205719.28;15.9;33.1;3
779331.62;205719.28;16.9;28.6;2
779373.62;205719.28;21.5;46.2;4
779405.62;205719.28;21.9;50.7;5
779477.62;205719.28;20.1;38;1
779547.62;205719.28;21.4;45;8
779613.62;205719.28;18.7;41.7;1
778979.62;205717.28;20.7;42.6;4
779157.62;205717.28;18.7;44.9;2
779221.62;205717.28;24.6;60.2;1
779269.62;205717.28;18;32.5;1
779277.62;205717.28;17.2;28.5;2
779345.62;205717.28;19.1;46.6;1
779363.62;205717.28;23.2;60.8;2
779531.62;205717.28;14.7;24.3;2
779563.62;205717.28;19.3;33.8;3
779597.62;205717.28;24;45.9;8
778929.62;205715.28;23;41.4;2
779175.62;205715.28;18.1;35;2
779229.62;205715.28;21.6;39.3;1
779285.62;205715.28;22.1;44.7;5
779319.62;205715.28;22.9;52.6;7
779355.62;205715.28;23.9;54.8;8
779615.62;205715.28;20.8;43.2;7
779631.62;205715.28;19.4;36.6;7
778919.62;205713.28;23.1;44.3;4
778937.62;205713.28;26;50.6;4
778943.62;205713.28;22.5;46.9;2
779017.62;205713.28;14.3;24.3;3
779141.62;205713.28;14.7;23.6;3
779169.62;205713.28;24.9;61.9;8
779187.62;205713.28;21.8;41;1
779209.62;205713.28;30.4;57.5;8
779269.62;205713.28;17.6;31.3;1
779305.62;205713.28;21.3;43.6;1
779373.62;205713.28;19.6;46.1;1
779451.62;205713.28;19;46.1;3
779493.62;205713.28;24.3;52.7;8
778909.62;205711.28;13.1;29.7;2
778949.62;205711.28;22.3;55.5;2
779031.62;205711.28;17.4;38.6;7
779069.62;205711.28;16.6;35.6;2
779299.62;205711.28;23.8;46.8;8
779327.62;205711.28;19.1;38.2;1
779395.62;205711.28;14.6;27.6;4
779417.62;205711.28;15.9;28.9;3
779443.62;205711.28;16.6;29.9;1
779501.62;205711.28;8.8;18.1;1
779519.62;205711.28;20.1;35.8;5
779643.62;205711.28;15.5;25.9;4
778931.62;205709.28;24.2;61.1;3
779025.62;205709.28;13.2;28.7;2
779055.62;205709.28;14.8;28.2;2
779127.62;205709.28;13.9;25.7;3
779149.62;205709.28;7.2;14;2
779189.62;205709.28;22.5;43.4;4
779223.62;205709.28;20.8;41.3;3
779243.62;205709.28;17.7;37.2;1
779277.62;205709.28;20.6;49.9;4
779351.62;205709.28;21.8;46.1;2
779565.62;205709.28;17.1;32.8;3
779613.62;205709.28;20;44;2
779627.62;205709.28;15.1;30.7;1
779631.62;205709.28;16.2;35.5;1
778993.62;205707.28;8.3;13.5;2
779177.62;205707.28;15.1;25.9;3
779237.62;205707.28;25.1;46.1;1
779327.62;205707.28;19;38.9;1
779367.62;205707.28;18.8;45.2;1
779371.62;205707.28;19;43.5;2
779387.62;205707.28;16.1;30.3;5
779473.62;205707.28;25.6;62.4;8
779573.62;205707.28;12.8;28.7;2
779589.62;205707.28;5.6;9.7;1
778987.62;205705.28;4.4;6.8;1
779019.62;205705.28;5.2;7;1
779205.62;205705.28;28.5;55.7;4
779223.62;205705.28;19;45.2;1
779233.62;205705.28;25.4;57.1;8
779359.62;205705.28;10.4;17.2;1
779401.62;205705.28;16.6;30.8;5
779425.62;205705.28;14.2;32.8;4
779443.62;205705.28;21.2;41.8;6
779449.62;205705.28;19.8;36.2;2
779553.62;205705.28;19.3;45.2;3
778909.62;205703.28;22.5;49.2;6
778973.62;205703.28;27.5;53.1;8
779059.62;205703.28;18.3;36.7;4
779169.62;205703.28;17;39.4;2
779229.62;205703.28;24.5;45.4;1
779313.62;205703.28;18.1;35.2;1
779325.62;205703.28;19.4;38.6;4
779335.62;205703.28;19.5;33.6;4
779383.62;205703.28;15.3;30.8;2
779409.62;205703.28;6.6;9;1
779491.62;205703.28;23.7;57.6;4
779623.62;205703.28;19.8;37.9;5
778941.62;205701.28;26.8;50.6;8
779007.62;205701.28;6.5;10.5;1
779031.62;205701.28;3.7;5;1
779141.62;205701.28;16.6;32.9;5
779181.62;205701.28;15.3;31.9;1
779241.62;205701.28;20.4;43.8;3
779273.62;205701.28;20.1;40;3
779345.62;205701.28;17.2;38.6;1
779349.62;205701.28;18.3;36.2;2
779377.62;205701.28;14.2;31;1
779413.62;205701.28;7.3;13.2;1
779469.62;205701.28;18.7;36.3;1
779509.62;205701.28;20.6;38;5
778933.62;205699.28;23.3;53.4;3
778967.62;205699.28;24.4;51.5;2
779035.62;205699.28;6.3;9.6;1
779051.62;205699.28;10.1;18.8;2
779071.62;205699.28;23.7;54.7;3
779155.62;205699.28;17.2;36.8;5
779173.62;205699.28;17.8;42.9;1
779189.62;205699.28;23.9;43.1;5
779213.62;205699.28;26.2;54.6;1
779287.62;205699.28;27.8;56.3;8
779307.62;205699.28;21.1;41.6;6
779363.62;205699.28;20.2;46.4;2
779529.62;205699.28;22.1;52.1;5
779561.62;205699.28;22.3;48.4;5
779085.62;205697.28;19.2;38.3;3
779303.62;205697.28;21.1;38.9;1
779353.62;205697.28;19.1;43.3;4
779403.62;205697.28;15.2;34.1;3
779469.62;205697.28;16.8;30;1
779493.62;205697.28;19.2;41.2;1
779507.62;205697.28;20.1;42.6;1
779603.62;205697.28;3.7;4.8;1
779013.62;205695.28;17.2;30.2;8
779201.62;205695.28;26.8;56.5;3
779215.62;205695.28;23.5;47.3;1
779319.62;205695.28;17;28.8;3
779329.62;205695.28;17.8;39.4;1
779417.62;205695.28;13.4;25.1;3
779595.62;205695.28;17.5;32.2;4
779615.62;205695.28;18.8;46.1;4
778981.62;205693.28;3;4;1
778989.62;205693.28;7;10.4;2
779019.62;205693.28;17;29;2
779091.62;205693.28;8.1;12.4;1
779179.62;205693.28;20.3;46.5;3
779251.62;205693.28;23.8;44.7;5
779259.62;205693.28;22.6;50.6;2
779269.62;205693.28;24.7;59.7;8
779365.62;205693.28;20.4;45.9;2
779425.62;205693.28;18.6;45.2;5
779519.62;205693.28;26.3;69.2;8
779543.62;205693.28;15.5;31.2;3
779563.62;205693.28;21.5;39.3;2
779639.62;205693.28;21.1;42.3;3
778973.62;205691.28;24.5;48.7;1
779033.62;205691.28;17.9;40.9;3
779101.62;205691.28;12.6;20.7;1
779171.62;205691.28;18.9;33;2
779183.62;205691.28;20.2;49.9;1
779207.62;205691.28;30.7;69.2;8
779227.62;205691.28;18.5;34.4;2
779335.62;205691.28;19.9;43.9;1
779383.62;205691.28;23;42.7;5
779475.62;205691.28;4.1;5.5;1
779481.62;205691.28;14.9;23.7;1
779597.62;205691.28;17.3;40.5;1
779007.62;205689.28;9.7;20.1;2
779015.62;205689.28;16.5;26.7;2
779063.62;205689.28;21.2;48.7;4
779075.62;205689.28;25.9;63.6;8
779323.62;205689.28;14;27.2;2
779339.62;205689.28;20.8;39.6;8
778959.62;205687.28;27.6;66.3;8
778969.62;205687.28;27.3;55.2;4
779121.62;205687.28;14.6;32.4;2
779245.62;205687.28;22.1;55.7;1
779263.62;205687.28;15.9;29.2;2
779353.62;205687.28;16.6;30.7;3
779367.62;205687.28;21.2;38.1;6
779375.62;205687.28;19.1;37.5;1
779435.62;205687.28;19.9;49.3;8
779465.62;205687.28;15.9;35;4
779493.62;205687.28;8.1;13.1;1
778953.62;205685.28;24.3;51.3;1
779151.62;205685.28;19.1;45.2;3
779185.62;205685.28;23.3;53.8;6
779195.62;205685.28;21.8;46.7;4
779229.62;205685.28;20;43.7;2
779315.62;205685.28;4.1;5.4;1
779397.62;205685.28;16.9;35.9;2
779411.62;205685.28;16.1;37.7;4
779529.62;205685.28;20;41.7;1
779557.62;205685.28;26.2;60.3;8
779617.62;205685.28;17.7;31.3;1
778927.62;205683.28;6.8;11.9;2
778941.62;205683.28;26.7;60.5;8
779017.62;205683.28;12.6;20.5;1
779099.62;205683.28;19.5;42.1;3
779483.62;205683.28;22.3;50.7;5
779505.62;205683.28;20.7;48.4;4
779515.62;205683.28;23.2;43.4;4
779547.62;205683.28;21.9;52.9;3
779569.62;205683.28;20.1;40.1;3
779659.62;205683.28;3.6;4;1
779045.62;205681.28;17;31.6;1
779163.62;205681.28;22;39.8;8
779173.62;205681.28;16.5;31.2;1
779261.62;205681.28;16.7;27.9;2
779279.62;205681.28;21.5;46.4;7
779287.62;205681.28;20.2;50.8;3
779379.62;205681.28;23.4;56.1;7
779421.62;205681.28;17.2;29.2;4
779467.62;205681.28;12.8;25.5;2
779497.62;205681.28;15.5;29.8;1
779527.62;205681.28;20.3;46.1;1
779561.62;205681.28;21.8;42;2
779611.62;205681.28;18.3;35.8;3
778973.62;205679.28;11.3;22.9;1
779069.62;205679.28;17.8;30;4
779075.62;205679.28;7.7;13.5;1
779233.62;205679.28;21.3;52.2;3
779245.62;205679.28;26.1;70.4;8
779269.62;205679.28;13;26.5;2
779317.62;205679.28;6.1;8.9;2
779361.62;205679.28;14.3;30.6;1
779433.62;205679.28;16.8;32.6;2
779453.62;205679.28;24.9;62.3;8
779549.62;205679.28;20.1;45.8;1
779567.62;205679.28;19.3;33.3;1
779599.62;205679.28;9.1;15;1
779621.62;205679.28;25.9;65.7;8
778931.62;205677.28;3.1;4.6;1
778951.62;205677.28;14.3;25.4;2
779019.62;205677.28;18.8;47;3
779037.62;205677.28;21.4;54.3;3
779045.62;205677.28;18.1;36.6;3
779139.62;205677.28;12.6;25.4;1
779221.62;205677.28;12.2;20.8;3
779303.62;205677.28;10.8;16.3;1
779391.62;205677.28;19.6;34.3;4
779529.62;205677.28;22.5;52.5;7
779583.62;205677.28;24.3;52.4;4
779589.62;205677.28;21.6;49.6;1
779631.62;205677.28;23.6;53.3;4
779003.62;205675.28;6.7;11;1
779051.62;205675.28;11.8;24.5;1
779077.62;205675.28;6.6;12.1;1
779133.62;205675.28;14.7;34.1;4
779315.62;205675.28;6;10.6;1
779383.62;205675.28;17.7;34.4;1
779459.62;205675.28;16.3;35.8;1
779521.62;205675.28;15.8;30.1;1
778973.62;205673.28;17.5;30.9;2
778987.62;205673.28;10.1;17;1
779029.62;205673.28;23.4;49;8
779253.62;205673.28;25.3;52.4;3
779409.62;205673.28;21.3;38.4;8
779605.62;205673.28;16.2;26.8;3
778943.62;205671.28;14.1;32;3
778983.62;205671.28;14;24.5;2
779025.62;205671.28;21.3;39.5;1
779165.62;205671.28;20.7;36.4;3
779175.62;205671.28;19.6;34.5;3
779187.62;205671.28;19.6;45.8;5
779229.62;205671.28;17;36.6;3
779421.62;205671.28;13.9;31.1;1
779543.62;205671.28;21;42.9;2
779591.62;205671.28;24.8;56.3;2
779063.62;205669.28;4.4;7.7;2
779275.62;205669.28;19.5;38.9;1
779369.62;205669.28;25.3;51.6;8
779391.62;205669.28;18;41.8;1
779399.62;205669.28;20.5;45.3;5
779497.62;205669.28;13;21;2
779021.62;205667.28;15.2;24.7;1
779131.62;205667.28;7.3;10.7;2
779249.62;205667.28;22.8;49.9;1
779311.62;205667.28;23.2;41.8;5
779469.62;205667.28;19.1;46.7;3
779527.62;205667.28;15.9;25.4;1
779641.62;205667.28;19.7;40.9;3
779649.62;205667.28;21.5;44.9;5
778917.62;205665.28;24.6;50.5;2
778965.62;205665.28;21.5;37.9;4
778969.62;205665.28;20.9;53.6;1
779015.62;205665.28;22.3;57.6;8
779145.62;205665.28;18.5;43.4;7
779211.62;205665.28;17;38.2;5
779279.62;205665.28;26.5;61.6;8
779357.62;205665.28;15.9;36.1;5
779429.62;205665.28;19.4;48.7;5
779449.62;205665.28;20.2;48.3;4
779545.62;205665.28;21.5;54.3;3
779591.62;205665.28;25.1;50;8
779687.62;205665.28;4.5;7.6;2
779725.62;205665.28;4.5;7.2;1
778925.62;205663.28;28.3;61.7;8
778977.62;205663.28;21.9;43.3;8
779029.62;205663.28;13.6;21.2;2
779035.62;205663.28;16.9;39.1;1
779055.62;205663.28;8.4;15.3;4
779081.62;205663.28;3.8;5.4;1
779155.62;205663.28;11.8;24.2;1
779175.62;205663.28;6.4;10.4;1
779215.62;205663.28;16;27.4;1
779303.62;205663.28;17.1;35.3;2
779317.62;205663.28;13.5;25.6;1
779375.62;205663.28;20.1;47.5;2
779489.62;205663.28;20.6;40.9;4
779581.62;205663.28;17.7;41.4;3
779607.62;205663.28;21;49.1;5
779631.62;205663.28;16.6;31.1;3
779737.62;205663.28;3.2;4.9;1
778973.62;205661.28;21.5;52.2;1
779069.62;205661.28;3;4.1;1
779235.62;205661.28;21.7;55.5;5
779263.62;205661.28;24.6;52;1
779267.62;205661.28;24.4;59.3;1
779293.62;205661.28;20.3;45.1;2
779363.62;205661.28;12.9;24.4;2
779403.62;205661.28;19.3;34.9;1
779419.62;205661.28;18.6;45.1;2
779441.62;205661.28;19.8;43.8;1
779529.62;205661.28;18.8;37.9;4
779601.62;205661.28;14.8;30.7;1
779677.62;205661.28;15.2;29.2;3
779729.62;205661.28;4.5;7.7;2
778943.62;205659.28;18.7;39.7;5
778961.62;205659.28;19;39.7;2
779199.62;205659.28;17.1;39.9;1
779299.62;205659.28;17.5;36.5;2
779353.62;205659.28;14.7;31.7;3
779391.62;205659.28;6.9;11;1
779409.62;205659.28;20.9;46.3;6
779459.62;205659.28;18.5;43.7;3
779557.62;205659.28;7.4;10.7;2
779619.62;205659.28;21.7;37.8;8
779639.62;205659.28;21.8;54.9;8
779023.62;205657.28;4.6;7.7;1
779043.62;205657.28;26.9;69.9;8
779255.62;205657.28;24.8;47.6;7
779261.62;205657.28;24.6;59;2
779427.62;205657.28;17.7;32.4;1
779515.62;205657.28;23.3;59.8;1
779597.62;205657.28;16.4;34.2;3
779687.62;205657.28;5.4;7.1;1
778977.62;205655.28;17.2;33.1;1
778981.62;205655.28;18.5;37.5;2
779075.62;205655.28;12.5;22.7;2
779165.62;205655.28;7.4;10.4;3
779177.62;205655.28;16;36;3
779187.62;205655.28;8.1;14.2;1
779201.62;205655.28;18.5;37.4;5
779275.62;205655.28;25.4;60.4;3
779305.62;205655.28;17.5;37.7;3
779385.62;205655.28;23.6;56.9;8
779443.62;205655.28;22.4;41.5;3
779481.62;205655.28;23.3;55.2;8
779505.62;205655.28;26.2;59.6;8
779567.62;205655.28;19.8;46.8;5
779031.62;205653.28;20.1;49.9;4
779105.62;205653.28;5.9;9;2
779293.62;205653.28;22.9;53.8;3
779361.62;205653.28;22.6;48.6;2
779401.62;205653.28;19.6;37.8;4
779423.62;205653.28;22.1;53.3;8
779455.62;205653.28;19.6;39.2;3
779515.62;205653.28;24.7;60.4;4
779595.62;205653.28;16.3;38.1;1
778913.62;205651.28;21;52.4;1
778955.62;205651.28;18.9;39.9;4
779023.62;205651.28;6.2;9.8;1
779067.62;205651.28;6.6;8.6;1
779083.62;205651.28;19.6;48.3;8
779261.62;205651.28;19.1;39.3;1
779269.62;205651.28;24.8;54.6;3
779473.62;205651.28;21.5;41.9;3
779493.62;205651.28;20.6;51.1;2
779667.62;205651.28;3.2;4.9;2
779683.62;205651.28;7.5;11.9;3
779051.62;205649.28;3.5;4.3;1
779111.62;205649.28;8.1;11.6;2
779125.62;205649.28;16;35.9;2
779193.62;205649.28;11.9;24.9;2
779233.62;205649.28;18.1;32.1;1
779287.62;205649.28;25.2;49.3;6
779357.62;205649.28;25.6;68.2;8
779453.62;205649.28;19.6;38;1
779631.62;205649.28;17.7;29.3;3
779673.62;205649.28;3.4;5.4;1
779731.62;205649.28;3.9;4.4;1
778965.62;205647.28;12.2;20.6;2
779005.62;205647.28;19.7;41.2;4
779037.62;205647.28;14.6;30.5;3
779057.62;205647.28;3.1;3.6;1
779121.62;205647.28;12.8;20.4;1
779229.62;205647.28;19.2;33.4;4
779257.62;205647.28;22.2;40.2;2
779271.62;205647.28;23.7;49.2;1
779301.62;205647.28;21.4;43.1;1
779321.62;205647.28;24.4;62.4;7
779393.62;205647.28;5.9;9.4;2
779419.62;205647.28;20.4;49.4;3
779499.62;205647.28;22.1;54.7;2
779529.62;205647.28;23.7;48.9;7
779551.62;205647.28;21.2;46.4;1
779557.62;205647.28;21.6;53.6;4
779663.62;205647.28;3.3;4.9;1
778911.62;205645.28;18.2;37.8;1
778925.62;205645.28;13.6;28.9;2
778931.62;205645.28;9.6;14.3;1
778971.62;205645.28;4.3;6.6;1
778979.62;205645.28;20.2;46.4;6
778995.62;205645.28;26.1;62.8;8
779087.62;205645.28;14.9;24;2
779133.62;205645.28;18.5;31.7;3
779263.62;205645.28;22.7;50;3
779441.62;205645.28;24.6;48.8;8
779479.62;205645.28;22.3;47.6;3
779607.62;205645.28;4.4;5.9;1
779681.62;205645.28;7.5;11.4;2
779111.62;205643.28;6.7;12.1;2
779127.62;205643.28;18.4;42.4;2
779179.62;205643.28;19.1;39.1;1
779321.62;205643.28;23.3;54;1
779405.62;205643.28;19.1;39.5;3
779591.62;205643.28;14.7;32.1;3
778919.62;205641.28;8.6;15.1;2
779141.62;205641.28;20.4;46.2;8
779245.62;205641.28;6.7;10.5;1
779297.62;205641.28;22.8;45.7;5
779337.62;205641.28;26.2;65.7;5
779347.62;205641.28;23.3;57.6;2
779389.62;205641.28;13;25.7;2
779421.62;205641.28;14.1;30.4;1
779471.62;205641.28;20.6;43.5;3
779485.62;205641.28;22.2;53.5;3
779547.62;205641.28;26.5;71.3;8
779563.62;205641.28;24;55.2;7
779607.62;205641.28;3.8;4.7;1
778949.62;205639.28;24.6;62.1;1
778965.62;205639.28;21;40.9;1
779003.62;205639.28;17.8;40.3;1
779041.62;205639.28;17.7;32.4;6
779075.62;205639.28;17.5;35.3;2
779277.62;205639.28;22.4;40.1;4
779353.62;205639.28;16.5;28.7;1
779623.62;205639.28;22.1;40.6;1
778979.62;205637.28;14.1;24.4;2
779121.62;205637.28;19;40.9;8
779183.62;205637.28;21.2;38.4;3
779233.62;205637.28;3.3;4.5;1
779303.62;205637.28;16.8;29.3;1
779333.62;205637.28;20.5;48.2;1
779455.62;205637.28;11;17.1;2
779701.62;205637.28;5.2;6.3;1
779001.62;205635.28;18.1;36.5;4
779027.62;205635.28;16.1;33.8;3
779099.62;205635.28;22.4;57.2;3
779291.62;205635.28;21.6;39.1;4
779321.62;205635.28;17.8;43;1
779347.62;205635.28;26.6;68.2;8
779361.62;205635.28;15.9;35.6;1
779393.62;205635.28;19.5;46.4;3
779427.62;205635.28;11.4;17.3;2
779557.62;205635.28;13.9;26;1
779621.62;205635.28;22.2;55.6;8
778961.62;205633.28;25.1;63.3;4
779071.62;205633.28;20.3;46.8;2
779079.62;205633.28;23.1;45.2;8
779085.62;205633.28;12.5;22.1;1
779091.62;205633.28;16.1;29.1;2
779305.62;205633.28;18.6;42.4;4
779369.62;205633.28;23.1;43.9;3
779381.62;205633.28;21.3;54.8;4
779415.62;205633.28;19.6;41.3;5
779487.62;205633.28;18.8;44.4;2
779565.62;205633.28;21.4;46.8;2
779595.62;205633.28;21.5;43.3;4
779633.62;205633.28;21.7;49.8;4
779661.62;205633.28;3.6;5.4;1
778949.62;205631.28;27.5;56.5;8
779013.62;205631.28;19.7;48.3;8
779049.62;205631.28;17.4;37.5;4
779137.62;205631.28;16.2;30.2;4
779159.62;205631.28;10.2;16.6;2
779465.62;205631.28;10.1;20.8;1
779479.62;205631.28;22.4;39.2;8
779537.62;205631.28;23.1;47.6;5
778925.62;205629.28;14.7;32.9;2
779149.62;205629.28;18.6;44.5;6
779267.62;205629.28;14.6;31.4;3
779409.62;205629.28;16.1;30.8;1
779575.62;205629.28;17.4;35.4;3
779679.62;205629.28;7.4;13.6;4
778911.62;205627.28;16.1;33.8;3
779061.62;205627.28;28.3;53;8
779097.62;205627.28;23.7;54.3;1
779125.62;205627.28;12.9;22.1;2
779315.62;205627.28;22.5;44.9;6
779325.62;205627.28;19.9;44.9;1
779333.62;205627.28;26;63.8;6
779373.62;205627.28;23.9;55.6;7
778939.62;205625.28;17.1;38.5;3
779041.62;205625.28;10.3;19.1;2
779069.62;205625.28;19.4;43.7;2
779101.62;205625.28;24;46;8
779303.62;205625.28;17.7;31.4;3
779363.62;205625.28;10.8;16.7;2
779429.62;205625.28;3.4;3.8;1
779447.62;205625.28;15.7;35.7;2
779501.62;205625.28;20.7;42.9;3
779565.62;205625.28;17.8;33.8;2
779629.62;205625.28;22.2;46;5
779657.62;205625.28;3.8;4.8;3
779697.62;205625.28;4.2;7.2;3
778931.62;205623.28;3.6;4.6;1
779077.62;205623.28;5.2;8.7;1
779113.62;205623.28;17.4;36.3;4
779155.62;205623.28;6.3;9;1
779331.62;205623.28;25.7;63.3;1
779471.62;205623.28;19.4;35.2;5
779487.62;205623.28;15;26.9;3
779517.62;205623.28;22.1;42.8;4
779713.62;205623.28;14.4;31.7;3
779063.62;205621.28;15.6;29;1
779319.62;205621.28;22;44;3
779409.62;205621.28;21.1;47.6;5
779587.62;205621.28;11.9;21.8;1
779677.62;205621.28;5.4;9.1;2
779001.62;205619.28;5.2;8.4;1
779077.62;205619.28;5.7;10.3;1
779083.62;205619.28;15.5;28.9;5
779351.62;205619.28;21.4;38.6;1
779449.62;205619.28;9.1;18.7;1
779517.62;205619.28;21.7;42;1
779525.62;205619.28;22.2;42.2;2
779541.62;205619.28;24.1;52.4;8
779557.62;205619.28;14;27.8;1
778971.62;205617.28;19.4;42.6;3
779007.62;205617.28;15.5;26.7;4
779013.62;205617.28;11.1;23.3;1
779033.62;205617.28;4;6.5;1
779105.62;205617.28;14.7;28.8;2
779131.62;205617.28;19.4;47.1;1
779311.62;205617.28;17.9;38.2;2
779329.62;205617.28;25.8;62;5
779397.62;205617.28;23.2;56;4
779419.62;205617.28;10.1;18.3;2
779495.62;205617.28;21.7;40.8;8
779569.62;205617.28;14.8;31.3;3
778953.62;205615.28;14.9;29.1;5
778961.62;205615.28;13.5;21.7;2
779051.62;205615.28;18.8;42.8;7
779135.62;205615.28;19.4;37;1
779139.62;205615.28;20.8;49.2;3
779345.62;205615.28;24.8;56.6;5
779365.62;205615.28;23.3;49.8;2
779387.62;205615.28;23.6;47.3;3
779393.62;205615.28;22.5;55;1
779407.62;205615.28;18.6;40;1
779425.62;205615.28;13.6;27;4
779435.62;205615.28;15.7;27.6;4
779459.62;205615.28;16.5;39.1;3
779531.62;205615.28;24.1;44.8;5
779589.62;205615.28;13.5;25.8;4
779673.62;205615.28;6.9;13.4;7
778943.62;205613.28;6.4;8.5;2
779315.62;205613.28;17.8;37.2;1
779357.62;205613.28;25.7;48.5;8
779525.62;205613.28;21.6;41.9;1
779705.62;205613.28;17.9;32.3;2
779007.62;205611.28;8.4;16;1
779087.62;205611.28;15.2;24.4;1
779093.62;205611.28;19.1;37;4
779221.62;205611.28;4.3;5.9;1
779453.62;205611.28;11.2;18.3;1
779467.62;205611.28;19.6;42.9;8
779481.62;205611.28;13.4;28;2
779497.62;205611.28;21.1;52.6;2
779609.62;205611.28;19.1;45.1;4
779653.62;205611.28;19.2;36.8;5
778943.62;205609.28;6.1;10.3;1
779303.62;205609.28;3.6;4.6;1
779371.62;205609.28;24.2;47.6;1
779391.62;205609.28;24.8;65.5;8
779405.62;205609.28;21;37.8;4
779555.62;205609.28;21.7;46.7;3
779585.62;205609.28;4.4;6.5;1
779623.62;205609.28;3.8;6.1;2
779027.62;205607.28;5.2;9.1;1
779283.62;205607.28;3.7;5.3;1
779357.62;205607.28;24.5;50.1;2
779361.62;205607.28;24.1;60;1
779399.62;205607.28;19.7;36.7;1
779457.62;205607.28;11.3;19.7;1
779523.62;205607.28;23.5;55;4
778945.62;205605.28;7.3;11.5;2
778969.62;205605.28;6.2;11.5;2
778989.62;205605.28;19.8;48;2
779003.62;205605.28;7.3;11.8;2
779367.62;205605.28;25.2;50.9;6
779377.62;205605.28;22.9;49.7;3
779419.62;205605.28;8.2;16;2
779509.62;205605.28;19.2;37.5;4
779597.62;205605.28;3.6;4.1;1
779641.62;205605.28;21.3;40.1;8
779683.62;205605.28;5.7;9.7;1
779701.62;205605.28;18.8;34.4;2
779753.62;205605.28;4.2;6.4;1
778933.62;205603.28;6.9;9.5;1
778959.62;205603.28;9.8;16.9;3
778975.62;205603.28;9.5;19.8;5
779101.62;205603.28;23.4;49.5;4
779201.62;205603.28;5.7;10.5;1
779451.62;205603.28;15.9;29.3;4
779549.62;205603.28;23.9;55.5;2
779615.62;205603.28;10.4;15;2
779707.62;205603.28;19.8;46.2;8
778963.62;205601.28;9.8;20.2;1
779039.62;205601.28;12.5;23.4;2
779055.62;205601.28;11.1;23.2;1
779059.62;205601.28;12.1;26.5;3
779313.62;205601.28;12.4;22.2;3
779383.62;205601.28;22.2;40.4;2
779427.62;205601.28;3.7;4.3;1
779539.62;205601.28;14.6;26.4;2
779601.62;205601.28;3.6;4.4;1
779659.62;205601.28;3.9;6.5;2
779667.62;205601.28;3.1;4.7;1
778969.62;205599.28;7.1;10.6;2
779051.62;205599.28;10.6;19.5;1
779555.62;205599.28;25.7;57.6;8
778927.62;205597.28;14;24.1;1
779355.62;205597.28;21.4;51.5;4
779515.62;205597.28;24.4;48;5
779577.62;205597.28;17.1;30.9;2
779647.62;205597.28;19.1;47.1;4
778931.62;205595.28;14.2;32.1;2
778977.62;205595.28;5;7.4;1
778991.62;205595.28;12;17.8;2
779193.62;205595.28;6.5;9.9;2
779367.62;205595.28;18.5;38.7;3
779377.62;205595.28;15.2;34.5;1
779457.62;205595.28;11.8;19;2
779473.62;205595.28;16.3;36.5;3
779667.62;205595.28;3.5;5.5;2
779701.62;205595.28;18.9;33.8;4
778937.62;205593.28;14.7;27.8;1
779437.62;205593.28;12.5;21.8;2
779449.62;205593.28;17;34.6;8
779521.62;205593.28;22.7;41.3;1
778951.62;205591.28;8.8;15.4;1
778987.62;205591.28;12.1;24.5;1
779187.62;205591.28;5.2;6.4;1
779393.62;205591.28;20.8;44.4;4
779505.62;205591.28;23.5;45.8;3
779513.62;205591.28;23.6;52.9;2
779553.62;205591.28;24.3;58.7;2
779577.62;205591.28;19;46.6;6
778933.62;205589.28;18;40;3
778975.62;205589.28;9.2;18.7;5
779075.62;205589.28;24;44.8;5
779403.62;205589.28;21.7;53.4;2
779495.62;205589.28;16.5;34.8;3
779537.62;205589.28;22;51.5;5
779565.62;205589.28;15.7;26.8;1
779665.62;205589.28;3.9;6;1
778911.62;205587.28;14.4;27.7;2
779039.62;205587.28;10.2;15.9;4
779409.62;205587.28;21.9;45;4
779505.62;205587.28;23.1;54.6;1
779519.62;205587.28;25.6;51.5;8
779755.62;205587.28;3.2;3.4;2
779763.62;205587.28;3.4;4.8;1
778991.62;205585.28;18.3;32.5;4
779379.62;205585.28;16.4;39.3;4
779443.62;205585.28;3.6;5.2;1
779543.62;205585.28;19.9;48.1;2
779561.62;205585.28;19.8;47.5;1
779591.62;205585.28;3.4;4.1;1
779611.62;205585.28;6.1;9.1;1
779641.62;205585.28;13.8;22.3;3
779655.62;205585.28;4.7;7.1;4
779665.62;205585.28;4.5;7.1;4
779045.62;205583.28;7.7;14.5;2
779091.62;205583.28;24.1;59.7;3
779395.62;205583.28;19.1;37;2
779411.62;205583.28;20;42.1;1
779421.62;205583.28;24.9;59.9;8
779571.62;205583.28;18.1;39.1;2
779697.62;205583.28;4.8;8.1;1
779759.62;205583.28;3.9;5.6;4
778983.62;205581.28;10;16.5;3
779231.62;205581.28;10.6;22.4;4
779387.62;205581.28;13.5;22.1;1
779427.62;205581.28;19.9;39.9;1
779467.62;205581.28;22;45.1;8
779509.62;205581.28;13.8;26.6;1
779551.62;205581.28;23.2;53.1;3
779611.62;205581.28;6.2;10.1;2
779619.62;205581.28;3.6;5.1;3
779639.62;205581.28;13.7;25.8;1
779675.62;205581.28;4.8;6.7;2
779747.62;205581.28;5.2;8.6;6
778975.62;205579.28;4.1;5.4;1
779015.62;205579.28;5.6;9.7;1
779481.62;205579.28;14.1;25;2
779493.62;205579.28;14.8;30.6;1
779559.62;205579.28;23.3;47.2;6
779601.62;205579.28;15.8;33.3;3
779681.62;205579.28;4.9;6.9;3
779803.62;205579.28;4;6.7;1
778949.62;205577.28;18.2;33.7;3
778967.62;205577.28;14.8;23.6;3
779497.62;205577.28;17.3;41.9;3
779547.62;205577.28;20.8;38.1;1
779647.62;205577.28;3.1;3.6;1
779127.62;205575.28;4.5;6.2;1
779347.62;205575.28;6.1;9.7;1
779401.62;205575.28;17.8;36;2
779413.62;205575.28;20.1;41.5;2
779505.62;205575.28;19.2;35.2;4
779539.62;205575.28;25.4;59;8
779693.62;205575.28;3.2;4.8;2
779101.62;205573.28;13.4;23;3
779105.62;205573.28;10.2;20.6;1
779109.62;205573.28;10.3;19.7;1
779451.62;205573.28;19.6;42.7;4
779491.62;205573.28;13.2;25;2
779515.62;205573.28;22.9;54.1;5
779571.62;205573.28;22.7;44.4;6
779673.62;205573.28;6.7;9.4;5
779743.62;205573.28;4.4;7.4;2
779801.62;205573.28;4.5;6.2;2
778977.62;205571.28;12;18.7;2
779321.62;205571.28;3.3;3.9;1
779395.62;205571.28;11.3;24.2;2
779473.62;205571.28;19.4;36.6;4
779595.62;205571.28;19.6;46.2;4
779751.62;205571.28;4;4.5;3
779217.62;205569.28;9.2;16.5;4
779339.62;205569.28;3.5;4.2;1
779347.62;205569.28;6.4;9.5;4
779445.62;205569.28;8.5;13.6;1
779509.62;205569.28;18.1;30.9;2
779573.62;205569.28;21;51.1;1
779109.62;205567.28;15.1;33.3;4
779115.62;205567.28;12.2;24.4;2
779471.62;205567.28;19.1;39.3;1
779537.62;205567.28;17.3;34.9;1
779555.62;205567.28;20.1;34.3;5
779609.62;205567.28;6.8;11.8;4
779615.62;205567.28;3;3.4;1
779747.62;205567.28;3.6;5;1
779573.62;205565.28;20.6;36.6;1
779813.62;205565.28;3.8;6;1
779355.62;205563.28;6.6;11.5;4
779371.62;205563.28;10.7;17.8;4
779381.62;205563.28;11.1;19;2
779477.62;205563.28;14.5;32.3;1
779503.62;205563.28;17.1;29.7;4
779583.62;205563.28;21;50.7;5
779741.62;205563.28;3.7;5.5;3
779795.62;205563.28;14.7;24.3;2
779809.62;205563.28;3.3;4.5;1
779349.62;205561.28;5.3;7.5;1
779471.62;205561.28;16.3;26.5;1
779535.62;205561.28;14.8;29.9;1
779553.62;205561.28;18.2;31.1;2
779569.62;205561.28;19.9;35.9;2
779221.62;205559.28;5.1;8.5;1
779335.62;205559.28;3.4;4.9;1
779511.62;205559.28;5;8.8;1
779363.62;205557.28;8.1;11.3;1
779497.62;205557.28;6.5;8.7;1
779501.62;205557.28;5.8;9.2;1
779801.62;205557.28;19.1;39;7
779809.62;205557.28;3.2;4.8;1
779369.62;205555.28;9.3;14;3
779489.62;205555.28;10.8;17.8;5
779549.62;205555.28;16.3;28.2;2
779601.62;205555.28;10.8;22.7;5
779577.62;205553.28;10.8;19.5;1
779535.62;205551.28;19.1;36.7;8
779543.62;205551.28;10.7;18.5;1
779559.62;205551.28;16.9;40.1;5
779615.62;205551.28;3.5;5.5;1
779709.62;205551.28;4;4.7;1
779363.62;205549.28;4.3;5.9;2
779495.62;205549.28;9.7;20.1;2
779631.62;205549.28;8.9;14.3;2
779683.62;205549.28;17.6;40.2;4
779793.62;205549.28;17.1;39.7;4
779369.62;205547.28;5.1;8.3;2
779513.62;205547.28;5.1;7.3;1
779565.62;205547.28;13.3;21.2;2
779577.62;205547.28;13;25.7;1
779587.62;205547.28;15.6;34.3;5
779365.62;205545.28;4;4.6;1
779389.62;205545.28;5.4;7.6;1
779451.62;205545.28;5.9;8.3;2
779573.62;205545.28;13.6;29;6
778915.62;205543.28;17.9;42.1;3
779521.62;205543.28;4.7;6.1;1
779597.62;205543.28;14.1;25.2;3
779765.62;205543.28;3;3.9;1
779385.62;205541.28;5.1;6.8;2
779629.62;205541.28;3.3;4.6;1
779413.62;205539.28;3.4;4.8;1
779421.62;205539.28;14.7;31.7;4
779545.62;205539.28;15.1;25.4;7
779785.62;205539.28;4.9;6.3;2
779611.62;205537.28;3.3;4.7;2
779701.62;205537.28;5.3;7.2;2
778933.62;205535.28;4.8;6.4;1
779559.62;205535.28;10.2;18.4;3
779423.62;205533.28;9;18;1
779431.62;205533.28;9.1;16.4;4
779591.62;205533.28;17.5;42.6;8
779605.62;205533.28;3.3;4.5;2
779697.62;205533.28;5.6;7.7;2
779791.62;205533.28;6.9;11.8;3
779393.62;205531.28;3.2;4.7;1
779499.62;205531.28;8.5;13.6;1
779507.62;205531.28;15.7;31.6;4
779527.62;205531.28;8.2;11.4;1
779611.62;205531.28;4.2;5;4
779419.62;205529.28;7.8;15.2;1
779581.62;205529.28;15.9;36.6;3
779687.62;205529.28;8.6;16.4;7
779693.62;205529.28;6.4;12.1;1
779517.62;205527.28;17.7;33.7;7
779433.62;205525.28;4.4;7.2;1
779525.62;205525.28;12.7;23.3;1
779541.62;205525.28;6;7.6;2
779633.62;205525.28;6.8;9.1;4
779675.62;205525.28;5.5;9.3;2
779439.62;205523.28;5.3;8.6;3
779723.62;205523.28;4;6.5;1
779583.62;205521.28;9.6;18.6;2
779593.62;205521.28;14.5;28;3
779609.62;205521.28;3.6;5.9;2
779771.62;205521.28;3.8;6.4;1
779777.62;205521.28;3.4;4.6;2
779415.62;205519.28;5.9;8.2;2
779569.62;205519.28;9;14.8;3
779731.62;205519.28;3.9;5.4;1
778913.62;205517.28;12.5;19.9;2
779433.62;205517.28;4.4;5.7;2
779559.62;205517.28;9.1;17.6;2
779603.62;205517.28;3.4;5.2;2
779685.62;205517.28;5.9;9.8;5
779411.62;205515.28;6.2;9.4;2
779455.62;205515.28;6.9;9.8;2
779507.62;205515.28;15.4;31.1;5
779691.62;205515.28;5.2;7.5;2
779771.62;205515.28;4;4.9;2
779783.62;205515.28;4.9;7.5;2
779679.62;205513.28;4.9;7.4;2
779789.62;205513.28;3.8;6.2;1
779427.62;205511.28;4.3;7.1;1
779585.62;205511.28;12.7;22;5
779653.62;205511.28;6.5;10.3;6
779731.62;205511.28;5.4;7.9;1
779761.62;205511.28;4;5.7;1
779461.62;205509.28;4.9;7.6;4
779549.62;205509.28;8.2;12.2;2
779567.62;205509.28;16.4;36.9;1
779679.62;205509.28;4.7;7.1;1
779687.62;205509.28;5.9;9.9;3
779779.62;205509.28;3.7;4.4;1
779707.62;205507.28;7.5;12.9;1
779511.62;205505.28;6.9;12.8;2
779565.62;205505.28;16.9;32.8;4
779703.62;205505.28;7.5;11.7;4
779735.62;205505.28;4.1;5.2;1
779761.62;205505.28;3;4.7;1
779651.62;205503.28;5.1;6.3;3
779671.62;205503.28;6.1;8.2;8
779725.62;205503.28;5;7.2;2
779617.62;205501.28;4.3;5.6;2
779685.62;205501.28;5.5;6.9;1
779719.62;205501.28;5.1;7;2
779771.62;205501.28;3.6;5.4;1
779775.62;205501.28;3.6;4.8;1
779475.62;205499.28;6.5;12;2
779701.62;205499.28;5;7.8;1
779453.62;205497.28;4.3;5.5;1
779463.62;205497.28;3.5;5.1;1
779591.62;205497.28;5.2;7.6;2
779663.62;205497.28;4;6.7;1
779681.62;205497.28;5.7;10;1
779757.62;205497.28;3.8;5.1;1
779769.62;205497.28;4.3;6.4;1
779471.62;205495.28;6.2;11.3;2
779617.62;205495.28;4.6;6.5;4
779649.62;205495.28;3.5;4.7;2
779703.62;205495.28;3.1;3.5;1
779711.62;205495.28;4.3;5.7;1
779745.62;205495.28;3;4.1;1
779563.62;205493.28;10.8;20.5;3
779663.62;205493.28;4;5.1;5
779681.62;205493.28;5.9;8.1;7
779769.62;205493.28;5.5;8.1;8
779675.62;205491.28;3.2;4.4;1
779745.62;205491.28;3.4;5.2;1
779543.62;205489.28;10.9;23.5;3
779581.62;205489.28;3;4.3;1
779787.62;205489.28;3.1;4.6;3
779575.62;205487.28;5.1;8.5;2
779657.62;205487.28;4;4.6;4
779667.62;205487.28;4;5.4;2
779679.62;205487.28;4;5.8;1
779707.62;205487.28;4;6.6;2
779565.62;205485.28;12.1;21.1;7
779623.62;205485.28;4.4;5.8;1
779663.62;205485.28;3.9;5;1
779733.62;205485.28;6.2;11.2;3
779653.62;205483.28;3.4;4.2;1
779695.62;205483.28;5.9;10;4
779765.62;205483.28;3.7;6;1
779619.62;205481.28;5.5;9.7;5
779691.62;205481.28;4;6.5;1
779775.62;205481.28;3.2;4.1;1
779787.62;205481.28;4;5.8;3
779541.62;205479.28;12.5;28.1;3
779583.62;205479.28;4.7;7.1;1
779645.62;205479.28;5.9;9.6;5
779747.62;205479.28;4.7;6.6;5
779573.62;205477.28;3.8;4.6;1
779579.62;205477.28;4.4;6.9;1
779613.62;205477.28;3.9;5.9;2
779691.62;205477.28;4.4;6;1
779697.62;205477.28;4.7;8.1;1
779727.62;205477.28;3.6;5.8;1
779759.62;205477.28;5;6.4;8
779809.62;205477.28;6.8;9.8;4
779671.62;205475.28;6.9;10.6;2
779731.62;205475.28;3.2;5;1
779739.62;205475.28;3;3.5;3
779755.62;205475.28;3.9;6.5;1
779773.62;205475.28;3.6;5;4
779653.62;205473.28;5.1;8;2
779707.62;205473.28;6.9;12.6;4
779761.62;205473.28;4.3;6.2;1
779769.62;205473.28;3;3.6;1
779783.62;205471.28;3.8;5.6;1
779533.62;205469.28;3.6;5.4;1
779609.62;205469.28;3.2;3.8;1
779675.62;205469.28;7.3;12.8;4
779723.62;205469.28;4.5;6.8;1
779605.62;205467.28;3.7;5.3;2
779649.62;205467.28;5.9;9.7;2
779661.62;205467.28;7.1;10.4;3
779709.62;205467.28;5.2;6.7;1
779735.62;205467.28;3.8;6.3;4
779757.62;205467.28;4.1;6.7;3
779573.62;205465.28;3.9;5;2
779641.62;205465.28;8.1;15.5;4
779717.62;205465.28;6.6;9.3;3
779803.62;205465.28;4.1;5.6;4
779599.62;205463.28;3.8;4.9;3
779669.62;205463.28;9.3;14.7;8
779723.62;205463.28;4.9;8.4;1
779599.62;205459.28;3.7;5.5;1
779641.62;205459.28;3.4;5.3;1
779691.62;205459.28;12.2;19.2;8
779777.62;205459.28;5.1;8.2;5
779737.62;205457.28;5.5;7.2;6
779689.62;205455.28;10.9;18.5;1
779715.62;205455.28;8.2;11.6;1
779745.62;205455.28;4.9;7.3;2
779771.62;205455.28;4.4;5.4;1
779683.62;205453.28;9.6;18.6;2
779757.62;205453.28;5.7;7.6;4
779763.62;205453.28;5.3;7.6;1
779689.62;205451.28;9.4;17;1
779767.62;205451.28;7;12.3;8
779795.62;205451.28;7.2;10;8
779713.62;205449.28;8.9;17.4;8
779731.62;205449.28;5.3;7.8;1
779743.62;205449.28;5;7.1;2
779813.62;205449.28;5.1;8.8;3
779701.62;205447.28;4.9;6.6;1
779739.62;205447.28;4.4;5.5;1
779271.62;205445.28;8;15.6;5
779725.62;205445.28;6.4;9.6;3
779747.62;205445.28;5.1;7.5;2
779753.62;205445.28;5.2;8.6;3
779791.62;205445.28;6;8.8;1
779695.62;205443.28;6.7;9.8;2
779655.62;205441.28;6.6;10.6;2
779675.62;205441.28;4.7;6.3;2
779715.62;205441.28;8.7;15;2
779729.62;205441.28;6.4;10.2;2
779739.62;205441.28;3.9;5.9;2
779747.62;205441.28;4.6;5.8;1
779771.62;205441.28;5.5;7.3;3
779705.62;205439.28;6.5;10.1;1
779805.62;205439.28;7;9.3;8
779723.62;205437.28;6;8.6;3
779745.62;205437.28;5.2;7.1;1
779751.62;205437.28;6.7;9.4;5
779763.62;205437.28;6;8.6;5
779779.62;205437.28;4.8;7.6;1
779811.62;205437.28;6.1;8.7;1
779261.62;205435.28;7;10.3;3
779679.62;205435.28;7.6;14.2;1
779739.62;205433.28;9;16.2;8
779621.62;205431.28;5;9;1
779801.62;205431.28;6.9;9.6;4
779701.62;205429.28;4.7;5.6;4
779729.62;205429.28;7;11.7;4
779647.62;205427.28;5.9;8.7;3
779673.62;205427.28;9.3;19.1;3
779751.62;205427.28;6.3;11.4;3
779723.62;205425.28;6.2;11.6;2
779735.62;205425.28;6.5;11.8;1
779743.62;205425.28;8.6;12.2;4
779671.62;205423.28;9;15.1;1
779687.62;205423.28;6.1;8.6;2
779701.62;205423.28;4;5.6;1
779799.62;205423.28;4.6;7.6;1
779809.62;205423.28;6.5;12.3;4
779639.62;205421.28;3.1;4.2;1
779761.62;205421.28;4.5;7.2;1
779641.62;205417.28;3.5;4.3;1
779671.62;205417.28;11.4;17.8;7
779741.62;205417.28;7.6;11.8;2
779805.62;205417.28;4.6;7.1;1
779717.62;205415.28;9;17.8;3
778949.62;205413.28;8.1;11.1;1
779751.62;205413.28;8.4;15.3;4
779731.62;205411.28;6.6;12.2;1
779807.62;205411.28;5.1;7;2
779673.62;205409.28;11.2;23.3;3
779695.62;205409.28;7.9;14.8;2
779709.62;205409.28;10;18.8;8
779743.62;205409.28;8.5;12.7;3
778941.62;205407.28;22.9;43.3;3
779727.62;205407.28;6.8;12.8;2
779733.62;205407.28;7.1;12.2;2
778913.62;205405.28;17.3;34.8;3
779749.62;205405.28;3.5;4.9;1
779801.62;205405.28;8.3;15.2;4
778927.62;205403.28;26.4;57.8;8
779703.62;205403.28;6.1;9.3;1
779711.62;205403.28;4.8;5.8;1
779669.62;205401.28;11.9;19.5;8
779691.62;205401.28;9.5;14.4;3
779761.62;205401.28;7;11.4;1
779805.62;205401.28;7.9;13.4;1
778923.62;205399.28;25.9;61.1;2
779659.62;205399.28;9.2;15.2;1
779727.62;205399.28;7.3;12.2;1
779731.62;205399.28;7.5;14.9;2
779737.62;205399.28;9.2;13;7
779815.62;205399.28;9.9;14.7;7
779675.62;205397.28;9.5;15.7;2
779761.62;205397.28;7.2;10.7;3
778927.62;205395.28;23.4;51.4;2
779805.62;205395.28;9.4;17.8;5
779681.62;205393.28;3.6;5.1;1
779723.62;205393.28;9.6;15;1
779729.62;205393.28;7.3;12.3;1
779737.62;205393.28;9;14.1;2
779757.62;205393.28;6.2;9.1;1
779799.62;205393.28;7.2;10.8;1
778909.62;205391.28;8.8;13.4;1
779705.62;205391.28;11;17.8;8
778921.62;205389.28;20.5;44.7;3
779671.62;205389.28;6.6;10.3;2
779723.62;205389.28;10;20.8;8
779803.62;205387.28;8.9;17.6;1
779811.62;205387.28;8.4;13.7;2
779691.62;205385.28;3.4;5;1
779709.62;205385.28;7.1;13.2;2
779719.62;205385.28;4.6;8.1;1
778915.62;205383.28;17;27.7;2
778931.62;205383.28;11.8;24.8;1
779659.62;205383.28;9.2;14.2;2
779725.62;205383.28;7.5;11.8;1
779753.62;205383.28;8.6;12.4;3
779799.62;205383.28;9.2;18.3;2
779807.62;205383.28;9.2;16;3
778927.62;205381.28;14.5;22.7;4
779769.62;205379.28;4.7;6.9;1
779793.62;205379.28;8.2;15.6;1
778911.62;205377.28;17.9;41.6;2
779635.62;205377.28;3.3;4;1
779715.62;205377.28;9.3;13.3;2
779749.62;205377.28;9.2;15.6;2
779799.62;205377.28;10;16.2;2
778917.62;205375.28;20;49.6;6
779753.62;205375.28;7.7;11.6;1
779809.62;205375.28;9.8;18.4;1
779301.62;205373.28;4.5;7.6;1
779667.62;205373.28;4.7;6.4;1
779687.62;205373.28;5.4;8.7;2
779697.62;205373.28;5.6;8.3;1
779705.62;205373.28;3.9;6.2;1
779723.62;205373.28;6.9;12.1;2
779795.62;205373.28;10.4;19.9;4
779815.62;205373.28;11.3;19.3;6
779717.62;205371.28;10.2;18.5;3
779311.62;205369.28;5.3;8.3;3
779705.62;205369.28;3.6;4.7;1
779749.62;205369.28;9.6;13.8;4
778945.62;205367.28;16.7;28.9;3
779699.62;205367.28;6.2;10.4;4
779803.62;205367.28;11.4;23;8
778933.62;205363.28;16.9;39;3
779661.62;205361.28;4.8;5.9;1
779671.62;205361.28;4.5;6.2;1
779691.62;205361.28;6.1;11.3;2
779775.62;205361.28;3.4;4.9;1
779545.62;205359.28;3.5;4.8;1
779681.62;205359.28;5.4;7.3;1
779741.62;205359.28;8.9;15.6;4
779693.62;205357.28;5.2;7.2;1
779803.62;205357.28;10.2;19.5;4
779481.62;205355.28;5.6;8.7;3
779813.62;205353.28;9.5;14.4;1
779693.62;205351.28;7.5;11.5;2
779739.62;205351.28;8.8;14.1;3
779807.62;205351.28;8.1;11.8;2
779769.62;205349.28;3.3;4.2;1
779785.62;205349.28;9;17.7;1
779795.62;205349.28;11.5;20.6;7
779801.62;205349.28;8.5;17;1
778979.62;205345.28;6.2;10.4;1
779809.62;205345.28;8.8;12.8;3
779713.62;205339.28;6.2;11.6;2
778917.62;205337.28;26.1;51.6;3
779759.62;205337.28;4.1;4.9;1
779741.62;205335.28;6.5;12.2;1
779785.62;205335.28;6.7;10.3;2
778923.62;205333.28;24.9;62.6;3
778993.62;205333.28;14.2;27.2;2
779705.62;205333.28;4.2;6.7;1
779791.62;205333.28;11.5;18.7;4
779809.62;205333.28;5.6;9;1
779815.62;205333.28;7.8;15.3;2
779769.62;205331.28;9.1;16.4;1
779697.62;205329.28;5.2;9;1
779761.62;205329.28;11.1;19.3;5
779791.62;205329.28;11.2;24.6;1
778945.62;205327.28;10.5;17.1;2
779651.62;205327.28;3.1;3.6;1
779669.62;205327.28;4.4;6.5;1
779673.62;205327.28;5.1;6.6;1
779733.62;205327.28;8.1;12.1;2
779783.62;205327.28;12.4;19.8;7
779801.62;205327.28;5.9;9.2;2
778927.62;205325.28;27.9;68.6;5
779697.62;205325.28;5.5;9.6;2
779749.62;205325.28;3.7;4.8;1
779807.62;205325.28;7.7;13.5;2
779763.62;205323.28;8;15.2;2
779815.62;205323.28;14.5;24.7;8
778917.62;205321.28;22.7;57.9;4
779655.62;205321.28;4.2;7;1
779731.62;205321.28;6.4;11.2;2
779759.62;205321.28;6.8;9.4;1
779809.62;205321.28;7.1;9.9;1
779677.62;205319.28;4.4;6.7;1
779725.62;205319.28;4.7;7.4;2
779793.62;205319.28;10.3;16.6;3
779589.62;205317.28;4.4;6.1;1
779663.62;205317.28;6.5;12.4;1
779693.62;205317.28;7.2;12.7;3
779751.62;205317.28;4.3;6;1
779783.62;205317.28;7.9;11.4;1
779805.62;205317.28;8.9;13;4
779283.62;205315.28;4.1;6.1;2
779675.62;205315.28;4.5;7.3;2
779667.62;205313.28;7.5;11.6;6
779765.62;205313.28;5.2;8.5;1
779789.62;205313.28;11.4;18.6;6
778929.62;205311.28;15.1;26.2;2
779689.62;205311.28;4.1;6.9;1
779725.62;205311.28;3.8;4.3;1
779669.62;205309.28;6.1;10.5;1
779659.62;205307.28;5.1;8.5;2
779793.62;205307.28;6.3;10.2;1
779805.62;205307.28;5.1;8.1;2
779651.62;205305.28;5.7;7.8;1
779665.62;205305.28;5;6.9;1
779721.62;205305.28;3.3;4.5;1
779813.62;205305.28;8.8;17.4;7
779793.62;205303.28;8.5;17.4;2
778921.62;205301.28;18.4;36.1;2
778959.62;205301.28;5.9;10.4;1
778963.62;205299.28;6;10.9;1
779757.62;205299.28;3.3;3.8;1
778911.62;205297.28;7.7;14.5;2
779655.62;205297.28;6.1;10;5
779671.62;205297.28;4.3;5;2
779683.62;205297.28;4.6;6.5;1
779665.62;205295.28;5.4;7.1;4
778973.62;205293.28;4.2;5.9;1
778977.62;205293.28;3.9;4.4;1
779729.62;205293.28;5.6;9.2;2
778957.62;205291.28;21.5;48;3
779679.62;205291.28;3.7;4.5;1
779669.62;205289.28;4.1;5.1;2
